,id,artists,name
111661,3jojglvfk5JXEQQTrsh80f,"['Johannes Brahms', 'Eugene Ormandy', 'Philadelphia Orchestra']","Piano Concerto No. 2 in B-Flat Major, Op. 83: II. Allegro appassionato"
172948,5YfpFKJkHU8Za33EzzXjAm,['16BL'],Deep In My Soul - Original Mix
124864,67cmEjSBJcw2sPKztZn34b,['3Phazegenerator'],12 Strand Hex
133638,4kcIuwmJXcbG60aqV9tFbl,['Genesis'],Dancing with the Moonlit Knight
74699,7mjq4omVcfjsAPxrhiNyfc,"['Tini Tun', 'Dj Christ']",Dig This - Tini Tun Remix Remastered 2011
159611,6O5c2mdSef3C1XuwqVzQEu,"['Edvard Grieg', 'Jascha Heifetz']","Sonata No. 2, Op. 13, in G: Lento doloroso - Allegro vivace"
53028,6vEKiYK1tbh11dVxDs3D7A,['Cracker'],Euro-Trash Girl
172804,6HUoZtZfDjDRevkgxZsKny,['Fogert Farruku'],Live From CocoBongo - Original Mix
82085,3K8n5xeZgMDqzAfi4UoFO9,['Bill Evans Trio'],"All Of You - Live At The Village Vanguard, 1961 / Take 3"
170202,15hvzeDeMxFtpBgMgtgjML,['Teri Berka'],Diadem
